{
  "accuracy": {
    "train": 0.9545454545454546,
    "test": 0.8053691275167785,
    "gap": 0.14917632702867611,
    "cv_mean": 0.828286568864834
  },
  "dataset": {
    "samples": 743,
    "features": 24
  }
}